{"cameraMode":{"drawMode":0,"name":"Shaded","section":"Shading Mode"},"sceneLighting":false,"audioPlay":false,"sceneViewState":{"showFog":false,"showMaterialUpdate":false,"showSkybox":false,"showFlares":false,"showImageEffects":false,"showParticleSystems":false},"in2DMode":false,"pivot":{"x":-9.913812637329102,"y":1.6415672302246094,"z":21.128868103027345},"rotation":{"x":0.018644345924258233,"y":-0.9556529521942139,"z":0.28733572363853457,"w":0.06200723722577095},"size":4.907843112945557,"orthographic":false}