{"cameraMode":{"drawMode":0,"name":"Shaded","section":"Shading Mode"},"sceneLighting":false,"audioPlay":false,"sceneViewState":{"showFog":false,"showMaterialUpdate":false,"showSkybox":false,"showFlares":false,"showImageEffects":false,"showParticleSystems":false},"in2DMode":false,"pivot":{"x":-9.903812408447266,"y":0.9115670919418335,"z":21.14422035217285},"rotation":{"x":-0.013495649211108685,"y":-0.9746261239051819,"z":0.21494990587234498,"w":-0.06119517609477043},"size":3.5640006065368654,"orthographic":false}