{"cameraMode":{"drawMode":0,"name":"Shaded","section":"Shading Mode"},"sceneLighting":false,"audioPlay":false,"sceneViewState":{"showFog":false,"showMaterialUpdate":false,"showSkybox":false,"showFlares":false,"showImageEffects":false,"showParticleSystems":false},"in2DMode":false,"pivot":{"x":-16.420000076293947,"y":0.9799998998641968,"z":28.969999313354493},"rotation":{"x":0.2758769392967224,"y":-0.5473615527153015,"z":0.1973690390586853,"w":0.765087902545929},"size":3.5079472064971926,"orthographic":false}