{"cameraMode":{"drawMode":0,"name":"Shaded","section":"Shading Mode"},"sceneLighting":true,"audioPlay":false,"sceneViewState":{"showFog":false,"showMaterialUpdate":false,"showSkybox":false,"showFlares":false,"showImageEffects":false,"showParticleSystems":false},"in2DMode":false,"pivot":{"x":-19.43836784362793,"y":-5.778240203857422,"z":24.097909927368165},"rotation":{"x":-0.23757703602313996,"y":0.6969525218009949,"z":-0.26616615056991579,"w":-0.6220806241035461},"size":35.11982345581055,"orthographic":false}