{"cameraMode":{"drawMode":0,"name":"Shaded","section":"Shading Mode"},"sceneLighting":false,"audioPlay":false,"sceneViewState":{"showFog":false,"showMaterialUpdate":false,"showSkybox":false,"showFlares":false,"showImageEffects":false,"showParticleSystems":false},"in2DMode":false,"pivot":{"x":-1.733875036239624,"y":4.146641731262207,"z":17.143783569335939},"rotation":{"x":0.28474387526512148,"y":-0.6694880127906799,"z":0.3119753897190094,"w":0.6110520362854004},"size":8.653334617614746,"orthographic":false}