{"cameraMode":{"drawMode":0,"name":"Shaded","section":"Shading Mode"},"sceneLighting":false,"audioPlay":false,"sceneViewState":{"showFog":false,"showMaterialUpdate":false,"showSkybox":false,"showFlares":false,"showImageEffects":false,"showParticleSystems":false},"in2DMode":false,"pivot":{"x":-9.920000076293946,"y":1.0099999904632569,"z":22.600000381469728},"rotation":{"x":-0.05963217467069626,"y":0.9323813915252686,"z":-0.3072317838668823,"w":-0.1809551864862442},"size":14.898816108703614,"orthographic":false}