{"cameraMode":{"drawMode":0,"name":"Shaded","section":"Shading Mode"},"sceneLighting":true,"audioPlay":false,"sceneViewState":{"showFog":false,"showMaterialUpdate":false,"showSkybox":false,"showFlares":false,"showImageEffects":false,"showParticleSystems":false},"in2DMode":false,"pivot":{"x":-13.181035995483399,"y":9.062360763549805,"z":20.407772064208986},"rotation":{"x":-0.42786818742752077,"y":0.5716572403907776,"z":-0.4793649911880493,"w":-0.5102496147155762},"size":18.881465911865236,"orthographic":false}