{"cameraMode":{"drawMode":0,"name":"Shaded","section":"Shading Mode"},"sceneLighting":true,"audioPlay":false,"sceneViewState":{"showFog":false,"showMaterialUpdate":false,"showSkybox":false,"showFlares":false,"showImageEffects":false,"showParticleSystems":false},"in2DMode":false,"pivot":{"x":-14.374307632446289,"y":-2.612699508666992,"z":18.152263641357423},"rotation":{"x":-0.30626174807548525,"y":0.5645893812179565,"z":-0.23724420368671418,"w":-0.7288172841072083},"size":36.98087692260742,"orthographic":false}