{"cameraMode":{"drawMode":0,"name":"Shaded","section":"Shading Mode"},"sceneLighting":false,"audioPlay":false,"sceneViewState":{"showFog":false,"showMaterialUpdate":false,"showSkybox":false,"showFlares":false,"showImageEffects":false,"showParticleSystems":false},"in2DMode":false,"pivot":{"x":-16.993701934814454,"y":0.05197906494140625,"z":23.097644805908204},"rotation":{"x":0.13415180146694184,"y":-0.6966779232025147,"z":0.1351182758808136,"w":0.6916725039482117},"size":22.210777282714845,"orthographic":false}