{"cameraMode":{"drawMode":0,"name":"Shaded","section":"Shading Mode"},"sceneLighting":true,"audioPlay":false,"sceneViewState":{"showFog":false,"showMaterialUpdate":false,"showSkybox":false,"showFlares":false,"showImageEffects":false,"showParticleSystems":false},"in2DMode":false,"pivot":{"x":-3.412100076675415,"y":1.7431151866912842,"z":8.1656494140625},"rotation":{"x":-0.1293601244688034,"y":0.8559132814407349,"z":-0.25803428888320925,"w":-0.429079532623291},"size":9.83725357055664,"orthographic":false}