{"cameraMode":{"drawMode":0,"name":"Shaded","section":"Shading Mode"},"sceneLighting":false,"audioPlay":false,"sceneViewState":{"showFog":false,"showMaterialUpdate":false,"showSkybox":false,"showFlares":false,"showImageEffects":false,"showParticleSystems":false},"in2DMode":false,"pivot":{"x":-6.797663688659668,"y":-0.007248878479003906,"z":38.11186599731445},"rotation":{"x":-0.23760032653808595,"y":0.724722683429718,"z":-0.3007100820541382,"w":-0.572632908821106},"size":3.639098644256592,"orthographic":false}