{"cameraMode":{"drawMode":0,"name":"Shaded","section":"Shading Mode"},"sceneLighting":false,"audioPlay":false,"sceneViewState":{"showFog":false,"showMaterialUpdate":false,"showSkybox":false,"showFlares":false,"showImageEffects":false,"showParticleSystems":false},"in2DMode":false,"pivot":{"x":-11.501978874206543,"y":-5.4719014167785648,"z":13.312274932861329},"rotation":{"x":0.155775785446167,"y":-0.8188608288764954,"z":0.2623680531978607,"w":0.4861811101436615},"size":18.620546340942384,"orthographic":false}