{"cameraMode":{"drawMode":0,"name":"Shaded","section":"Shading Mode"},"sceneLighting":false,"audioPlay":false,"sceneViewState":{"showFog":false,"showMaterialUpdate":false,"showSkybox":false,"showFlares":false,"showImageEffects":false,"showParticleSystems":false},"in2DMode":false,"pivot":{"x":-10.22222900390625,"y":1.704904556274414,"z":21.363059997558595},"rotation":{"x":0.04540064185857773,"y":-0.9497832655906677,"z":0.26242128014564516,"w":0.1643020063638687},"size":4.990297794342041,"orthographic":false}