{"cameraMode":{"drawMode":0,"name":"Shaded","section":"Shading Mode"},"sceneLighting":false,"audioPlay":false,"sceneViewState":{"showFog":false,"showMaterialUpdate":false,"showSkybox":false,"showFlares":false,"showImageEffects":false,"showParticleSystems":false},"in2DMode":false,"pivot":{"x":-12.43027114868164,"y":-4.549971580505371,"z":17.166255950927736},"rotation":{"x":-0.04896404221653938,"y":0.8751533627510071,"z":-0.4727815091609955,"w":-0.09063424915075302},"size":16.335783004760743,"orthographic":false}