{"cameraMode":{"drawMode":0,"name":"Shaded","section":"Shading Mode"},"sceneLighting":false,"audioPlay":false,"sceneViewState":{"showFog":false,"showMaterialUpdate":false,"showSkybox":false,"showFlares":false,"showImageEffects":false,"showParticleSystems":false},"in2DMode":false,"pivot":{"x":-10.34058666229248,"y":1.9760180711746216,"z":20.849855422973634},"rotation":{"x":-0.06892670691013336,"y":0.802654504776001,"z":-0.09459299594163895,"w":-0.5848575830459595},"size":6.59093713760376,"orthographic":false}