{"cameraMode":{"drawMode":0,"name":"Shaded","section":"Shading Mode"},"sceneLighting":false,"audioPlay":false,"sceneViewState":{"showFog":false,"showMaterialUpdate":false,"showSkybox":false,"showFlares":false,"showImageEffects":false,"showParticleSystems":false},"in2DMode":false,"pivot":{"x":-4.411581516265869,"y":1.5489617586135865,"z":13.055929183959961},"rotation":{"x":0.0004282059089746326,"y":0.997589111328125,"z":-0.06925343722105026,"w":0.0062882560305297379},"size":2.759247303009033,"orthographic":false}