{"cameraMode":{"drawMode":0,"name":"Shaded","section":"Shading Mode"},"sceneLighting":false,"audioPlay":false,"sceneViewState":{"showFog":false,"showMaterialUpdate":false,"showSkybox":false,"showFlares":false,"showImageEffects":false,"showParticleSystems":false},"in2DMode":false,"pivot":{"x":-3.880688190460205,"y":-2.4921350479125978,"z":16.6617431640625},"rotation":{"x":-0.0460159070789814,"y":-0.9161741137504578,"z":0.38257840275764468,"w":-0.11019635945558548},"size":12.108285903930664,"orthographic":false}